Time,Tension (V),Courant (A),Power,Phase
0,5.13625,0.224,1.15052,Idle
1,5.13625,0.224,1.15052,Idle
2,5.13625,0.22395,1.150263375,Idle
3,5.13625,0.22373,1.149133225,Idle
4,5.13625,0.22377,1.149338625,Idle
5,5.13625,0.224,1.15052,Idle
6,5.13625,0.22375,1.149235925,Idle
7,5.13625,0.2235,1.147951875,Idle
8,5.13625,0.2235,1.147951875,Idle
9,5.12875,0.2239,1.148327125,Idle
10,5.11413,0.2244,1.147610772,Idle
11,5.10438,0.2245,1.14593331,Idle
12,5.10562,0.2245,1.14621169,Idle
13,5.10975,0.2275,1.162468125,Idle
14,5.10938,0.25075,1.281177035,Idle
15,5.09869,0.30565,1.558414599,yolo11n_seg_prune_0_15_openvino_2022.1_8shave.blob
16,5.07031,0.3759,1.905930129,yolo11n_seg_prune_0_15_openvino_2022.1_8shave.blob
17,5.04412,0.44916,2.265617349,yolo11n_seg_prune_0_15_openvino_2022.1_8shave.blob
18,5.02844,0.47642,2.395648584,yolo11n_seg_prune_0_15_openvino_2022.1_8shave.blob
19,5.02844,0.47627,2.394894619,yolo11n_seg_prune_0_15_openvino_2022.1_8shave.blob
20,5.02844,0.4763,2.395045377,yolo11n_seg_prune_0_15_openvino_2022.1_8shave.blob
21,5.02844,0.47623,2.394693609,yolo11n_seg_prune_0_15_openvino_2022.1_8shave.blob
22,5.02844,0.47633,2.395196144,yolo11n_seg_prune_0_15_openvino_2022.1_8shave.blob
23,5.02844,0.4764,2.39554804,yolo11n_seg_prune_0_15_openvino_2022.1_8shave.blob
24,5.02844,0.47642,2.395648584,yolo11n_seg_prune_0_15_openvino_2022.1_8shave.blob
25,5.02844,0.47645,2.395799342,yolo11n_seg_prune_0_15_openvino_2022.1_8shave.blob
26,5.02844,0.47648,2.3959501,yolo11n_seg_prune_0_15_openvino_2022.1_8shave.blob
27,5.02844,0.4765,2.396050604,yolo11n_seg_prune_0_15_openvino_2022.1_8shave.blob
28,5.02844,0.4765,2.396050604,yolo11n_seg_prune_0_15_openvino_2022.1_8shave.blob
29,5.02844,0.4765,2.396050604,yolo11n_seg_prune_0_15_openvino_2022.1_8shave.blob
30,5.02844,0.47655,2.396301863,yolo11n_seg_prune_0_15_openvino_2022.1_8shave.blob
31,5.02844,0.47657,2.396402367,yolo11n_seg_prune_0_15_openvino_2022.1_8shave.blob
32,5.02844,0.4766,2.396553124,yolo11n_seg_prune_0_15_openvino_2022.1_8shave.blob
33,5.02844,0.47663,2.396703882,yolo11n_seg_prune_0_15_openvino_2022.1_8shave.blob
34,5.02844,0.47665,2.396804386,yolo11n_seg_prune_0_15_openvino_2022.1_8shave.blob
35,5.02844,0.47665,2.396804386,yolo11n_seg_prune_0_15_openvino_2022.1_8shave.blob
36,5.02844,0.47667,2.39690489,yolo11n_seg_prune_0_15_openvino_2022.1_8shave.blob
37,5.02844,0.4767,2.397055648,yolo11n_seg_prune_0_15_openvino_2022.1_8shave.blob
38,5.02844,0.47675,2.397306907,yolo11n_seg_prune_0_15_openvino_2022.1_8shave.blob
39,5.02844,0.47677,2.397407411,yolo11n_seg_prune_0_15_openvino_2022.1_8shave.blob
40,5.02844,0.4768,2.397558168,yolo11n_seg_prune_0_15_openvino_2022.1_8shave.blob
41,5.02844,0.47683,2.397708926,yolo11n_seg_prune_0_15_openvino_2022.1_8shave.blob
42,5.02844,0.47685,2.39780943,yolo11n_seg_prune_0_15_openvino_2022.1_8shave.blob
43,5.02844,0.47685,2.39780943,yolo11n_seg_prune_0_15_openvino_2022.1_8shave.blob
44,5.02844,0.47687,2.397909934,yolo11n_seg_prune_0_15_openvino_2022.1_8shave.blob
45,5.02844,0.4769,2.398060691,yolo11n_seg_prune_0_15_openvino_2022.1_8shave.blob
46,5.02844,0.47693,2.398211449,yolo11n_seg_prune_0_15_openvino_2022.1_8shave.blob
47,5.02844,0.47695,2.398311953,yolo11n_seg_prune_0_15_openvino_2022.1_8shave.blob
48,5.02844,0.47697,2.398412457,yolo11n_seg_prune_0_15_openvino_2022.1_8shave.blob
49,5.02844,0.477,2.398563214,yolo11n_seg_prune_0_15_openvino_2022.1_8shave.blob
50,5.02844,0.477,2.398563214,yolo11n_seg_prune_0_15_openvino_2022.1_8shave.blob
51,5.02844,0.477,2.398563214,yolo11n_seg_prune_0_15_openvino_2022.1_8shave.blob
52,5.02844,0.47705,2.398814473,yolo11n_seg_prune_0_15_openvino_2022.1_8shave.blob
53,5.02844,0.47708,2.398965231,yolo11n_seg_prune_0_15_openvino_2022.1_8shave.blob
54,5.02844,0.4771,2.399065735,yolo11n_seg_prune_0_15_openvino_2022.1_8shave.blob
55,5.02844,0.47715,2.399317,yolo11n_seg_prune_0_15_openvino_2022.1_8shave.blob
56,5.02844,0.47717,2.399417504,yolo11n_seg_prune_0_15_openvino_2022.1_8shave.blob
57,5.02844,0.4772,2.399568261,yolo11n_seg_prune_0_15_openvino_2022.1_8shave.blob
58,5.02844,0.47723,2.399719019,yolo11n_seg_prune_0_15_openvino_2022.1_8shave.blob
59,5.02844,0.47725,2.399819523,yolo11n_seg_prune_0_15_openvino_2022.1_8shave.blob
60,5.04062,0.47725,2.405635894,yolo11n_seg_prune_0_15_openvino_2022.1_8shave.blob
61,5.03225,0.47725,2.401641313,yolo11n_seg_prune_0_15_openvino_2022.1_8shave.blob
62,5.04588,0.47725,2.40814623,yolo11n_seg_prune_0_15_openvino_2022.1_8shave.blob
63,5.08031,0.47725,2.424590453,yolo11n_seg_prune_0_15_openvino_2022.1_8shave.blob
64,5.11931,0.47725,2.4432407,yolo11n_seg_prune_0_15_openvino_2022.1_8shave.blob
65,5.10931,0.47725,2.438473198,yolo11n_seg_prune_0_15_openvino_2022.1_8shave.blob
66,5.06662,0.47725,2.418044395,yolo11n_seg_prune_0_15_openvino_2022.1_8shave.blob
67,5.00944,0.47725,2.39075524,yolo11n_seg_prune_0_15_openvino_2022.1_8shave.blob
68,4.78744,0.47725,2.28480574,yolo11n_seg_prune_0_15_openvino_2022.1_8shave.blob
69,4.41244,0.47725,2.105837,yolo11n_seg_prune_0_15_openvino_2022.1_8shave.blob
70,3.63181,0.47725,1.733281323,yolo11n_seg_prune_0_15_openvino_2022.1_8shave.blob
71,5.10188,0.2524,1.287714512,Idle
72,5.10406,0.229,1.16882974,Idle
73,5.10462,0.229,1.16895798,Idle
74,5.10137,0.229,1.16821373,Idle
75,5.10137,0.229,1.16821373,Idle
76,5.10137,0.229,1.16821373,Idle
77,5.10137,0.229,1.16821373,Idle
78,5.10137,0.229,1.16821373,Idle
79,5.10137,0.22881,1.16724446,Idle
80,5.10137,0.23237,1.185405347,Idle
81,5.07688,0.25862,1.313012705,Idle
82,5.05106,0.31698,1.601084904,yolo11n_seg_prune_0_1_openvino_2022.1_8shave.blob
83,5.02581,0.388,1.95001428,yolo11n_seg_prune_0_1_openvino_2022.1_8shave.blob
84,5.01162,0.45765,2.29356889,yolo11n_seg_prune_0_1_openvino_2022.1_8shave.blob
85,5.00631,0.48208,2.41344214,yolo11n_seg_prune_0_1_openvino_2022.1_8shave.blob
86,5.00631,0.48197,2.412891515,yolo11n_seg_prune_0_1_openvino_2022.1_8shave.blob
87,5.00631,0.48197,2.412891515,yolo11n_seg_prune_0_1_openvino_2022.1_8shave.blob
88,5.00631,0.48195,2.412791395,yolo11n_seg_prune_0_1_openvino_2022.1_8shave.blob
89,5.00631,0.48195,2.412791395,yolo11n_seg_prune_0_1_openvino_2022.1_8shave.blob
90,5.00631,0.48193,2.412691275,yolo11n_seg_prune_0_1_openvino_2022.1_8shave.blob
91,5.00631,0.48195,2.412791395,yolo11n_seg_prune_0_1_openvino_2022.1_8shave.blob
92,5.00631,0.48203,2.41319184,yolo11n_seg_prune_0_1_openvino_2022.1_8shave.blob
93,5.00631,0.48203,2.41319184,yolo11n_seg_prune_0_1_openvino_2022.1_8shave.blob
94,5.00631,0.48205,2.41329196,yolo11n_seg_prune_0_1_openvino_2022.1_8shave.blob
95,5.00631,0.48205,2.41329196,yolo11n_seg_prune_0_1_openvino_2022.1_8shave.blob
96,5.00631,0.48208,2.41344214,yolo11n_seg_prune_0_1_openvino_2022.1_8shave.blob
97,5.00631,0.4821,2.41354226,yolo11n_seg_prune_0_1_openvino_2022.1_8shave.blob
98,5.00631,0.4821,2.41354226,yolo11n_seg_prune_0_1_openvino_2022.1_8shave.blob
99,5.00631,0.48215,2.41379256,yolo11n_seg_prune_0_1_openvino_2022.1_8shave.blob
100,5.00631,0.48215,2.41379256,yolo11n_seg_prune_0_1_openvino_2022.1_8shave.blob
101,5.00631,0.4822,2.41404286,yolo11n_seg_prune_0_1_openvino_2022.1_8shave.blob
102,5.00631,0.4822,2.41404286,yolo11n_seg_prune_0_1_openvino_2022.1_8shave.blob
103,5.00631,0.48225,2.41429316,yolo11n_seg_prune_0_1_openvino_2022.1_8shave.blob
104,5.00631,0.48225,2.41429316,yolo11n_seg_prune_0_1_openvino_2022.1_8shave.blob
105,5.00631,0.48228,2.41444334,yolo11n_seg_prune_0_1_openvino_2022.1_8shave.blob
106,5.00631,0.4823,2.41454346,yolo11n_seg_prune_0_1_openvino_2022.1_8shave.blob
107,5.00631,0.48233,2.41469364,yolo11n_seg_prune_0_1_openvino_2022.1_8shave.blob
108,5.00631,0.48233,2.41469364,yolo11n_seg_prune_0_1_openvino_2022.1_8shave.blob
109,5.00631,0.48235,2.41479376,yolo11n_seg_prune_0_1_openvino_2022.1_8shave.blob
110,5.00631,0.48238,2.41494394,yolo11n_seg_prune_0_1_openvino_2022.1_8shave.blob
111,5.00631,0.48238,2.41494394,yolo11n_seg_prune_0_1_openvino_2022.1_8shave.blob
112,5.00631,0.4824,2.41504406,yolo11n_seg_prune_0_1_openvino_2022.1_8shave.blob
113,5.00631,0.48243,2.41519424,yolo11n_seg_prune_0_1_openvino_2022.1_8shave.blob
114,5.00631,0.48245,2.41529436,yolo11n_seg_prune_0_1_openvino_2022.1_8shave.blob
115,5.00631,0.48245,2.41529436,yolo11n_seg_prune_0_1_openvino_2022.1_8shave.blob
116,5.00631,0.4825,2.41554466,yolo11n_seg_prune_0_1_openvino_2022.1_8shave.blob
117,5.00631,0.4825,2.41554466,yolo11n_seg_prune_0_1_openvino_2022.1_8shave.blob
118,5.00631,0.48253,2.41569484,yolo11n_seg_prune_0_1_openvino_2022.1_8shave.blob
119,5.00631,0.48255,2.41579496,yolo11n_seg_prune_0_1_openvino_2022.1_8shave.blob
120,5.00631,0.48257,2.41589508,yolo11n_seg_prune_0_1_openvino_2022.1_8shave.blob
121,5.00631,0.48257,2.41589508,yolo11n_seg_prune_0_1_openvino_2022.1_8shave.blob
122,5.00631,0.4826,2.41604526,yolo11n_seg_prune_0_1_openvino_2022.1_8shave.blob
123,5.00631,0.48263,2.41619544,yolo11n_seg_prune_0_1_openvino_2022.1_8shave.blob
124,5.00631,0.48265,2.41629556,yolo11n_seg_prune_0_1_openvino_2022.1_8shave.blob
125,5.00631,0.4827,2.41654586,yolo11n_seg_prune_0_1_openvino_2022.1_8shave.blob
126,5.00631,0.48273,2.41669604,yolo11n_seg_prune_0_1_openvino_2022.1_8shave.blob
127,5.01137,0.48267,2.41888425,yolo11n_seg_prune_0_1_openvino_2022.1_8shave.blob
128,5.02875,0.48267,2.427265,yolo11n_seg_prune_0_1_openvino_2022.1_8shave.blob
129,5.0195,0.48267,2.422765,yolo11n_seg_prune_0_1_openvino_2022.1_8shave.blob
130,4.99612,0.48267,2.41149,yolo11n_seg_prune_0_1_openvino_2022.1_8shave.blob
131,4.91238,0.48267,2.37105,yolo11n_seg_prune_0_1_openvino_2022.1_8shave.blob
132,4.68538,0.48267,2.2615,yolo11n_seg_prune_0_1_openvino_2022.1_8shave.blob
133,4.40681,0.48267,2.12702,yolo11n_seg_prune_0_1_openvino_2022.1_8shave.blob
134,4.10844,0.48267,1.98302,yolo11n_seg_prune_0_1_openvino_2022.1_8shave.blob
135,3.74313,0.48267,1.80668,yolo11n_seg_prune_0_1_openvino_2022.1_8shave.blob
136,3.34025,0.48267,1.61224,yolo11n_seg_prune_0_1_openvino_2022.1_8shave.blob
137,5.09784,0.399,2.03404,yolo11n_seg_prune_0_1_openvino_2022.1_8shave.blob
138,5.09506,0.315,1.604944,yolo11n_seg_prune_0_1_openvino_2022.1_8shave.blob
139,5.09706,0.245,1.24878,Idle
140,5.10137,0.229,1.16821373,Idle
141,5.10137,0.229,1.16821373,Idle
142,5.10137,0.229,1.16821373,Idle
143,5.10137,0.229,1.16821373,Idle
144,5.10137,0.229,1.16821373,Idle
145,5.10137,0.229,1.16821373,Idle
146,5.10137,0.229,1.16821373,Idle
147,5.10137,0.229,1.16821373,Idle
148,5.10137,0.229,1.16821373,Idle
149,5.10137,0.2312,1.179436744,Idle
150,5.07188,0.255,1.2933294,yolo11n_seg_prune_0_5_openvino_2022.1_8shave.blob
151,5.05063,0.31,1.5656953,yolo11n_seg_prune_0_5_openvino_2022.1_8shave.blob
152,5.02706,0.38,1.9102828,yolo11n_seg_prune_0_5_openvino_2022.1_8shave.blob
153,5.01181,0.449,2.25030269,yolo11n_seg_prune_0_5_openvino_2022.1_8shave.blob
154,5.00631,0.4745,2.375494095,yolo11n_seg_prune_0_5_openvino_2022.1_8shave.blob
155,5.00631,0.47443,2.375143684,yolo11n_seg_prune_0_5_openvino_2022.1_8shave.blob
156,5.00631,0.4744,2.374993513,yolo11n_seg_prune_0_5_openvino_2022.1_8shave.blob
157,5.00631,0.4744,2.374993513,yolo11n_seg_prune_0_5_openvino_2022.1_8shave.blob
158,5.00631,0.47438,2.374893399,yolo11n_seg_prune_0_5_openvino_2022.1_8shave.blob
159,5.00631,0.47438,2.374893399,yolo11n_seg_prune_0_5_openvino_2022.1_8shave.blob
160,5.00631,0.47435,2.374743228,yolo11n_seg_prune_0_5_openvino_2022.1_8shave.blob
161,5.00631,0.4744,2.374993513,yolo11n_seg_prune_0_5_openvino_2022.1_8shave.blob
162,5.00631,0.47443,2.375143684,yolo11n_seg_prune_0_5_openvino_2022.1_8shave.blob
163,5.00631,0.47445,2.375243798,yolo11n_seg_prune_0_5_openvino_2022.1_8shave.blob
164,5.00631,0.47448,2.37539397,yolo11n_seg_prune_0_5_openvino_2022.1_8shave.blob
165,5.00631,0.4745,2.375494084,yolo11n_seg_prune_0_5_openvino_2022.1_8shave.blob
166,5.00631,0.47455,2.375744369,yolo11n_seg_prune_0_5_openvino_2022.1_8shave.blob
167,5.00631,0.47455,2.375744369,yolo11n_seg_prune_0_5_openvino_2022.1_8shave.blob
168,5.00631,0.4746,2.375994655,yolo11n_seg_prune_0_5_openvino_2022.1_8shave.blob
169,5.00631,0.4746,2.375994655,yolo11n_seg_prune_0_5_openvino_2022.1_8shave.blob
170,5.00631,0.47465,2.37624494,yolo11n_seg_prune_0_5_openvino_2022.1_8shave.blob
171,5.00631,0.47465,2.37624494,yolo11n_seg_prune_0_5_openvino_2022.1_8shave.blob
172,5.00631,0.47468,2.376395111,yolo11n_seg_prune_0_5_openvino_2022.1_8shave.blob
173,5.00631,0.4747,2.376495225,yolo11n_seg_prune_0_5_openvino_2022.1_8shave.blob
174,5.00631,0.47473,2.376645396,yolo11n_seg_prune_0_5_openvino_2022.1_8shave.blob
175,5.00631,0.47475,2.37674551,yolo11n_seg_prune_0_5_openvino_2022.1_8shave.blob
176,5.00631,0.47475,2.37674551,yolo11n_seg_prune_0_5_openvino_2022.1_8shave.blob
177,5.00631,0.4748,2.376995796,yolo11n_seg_prune_0_5_openvino_2022.1_8shave.blob
178,5.00631,0.4748,2.376995796,yolo11n_seg_prune_0_5_openvino_2022.1_8shave.blob
179,5.00631,0.47483,2.377145967,yolo11n_seg_prune_0_5_openvino_2022.1_8shave.blob
180,5.00631,0.47485,2.377246082,yolo11n_seg_prune_0_5_openvino_2022.1_8shave.blob
181,5.00631,0.47488,2.377396253,yolo11n_seg_prune_0_5_openvino_2022.1_8shave.blob
182,5.00631,0.47488,2.377396253,yolo11n_seg_prune_0_5_openvino_2022.1_8shave.blob
183,5.00631,0.47493,2.377646539,yolo11n_seg_prune_0_5_openvino_2022.1_8shave.blob
184,5.00631,0.47495,2.377746653,yolo11n_seg_prune_0_5_openvino_2022.1_8shave.blob
185,5.0125,0.47545,2.383204771,yolo11n_seg_prune_0_5_openvino_2022.1_8shave.blob
186,5.01188,0.475,2.380643,yolo11n_seg_prune_0_5_openvino_2022.1_8shave.blob
187,4.96625,0.475,2.35896875,yolo11n_seg_prune_0_5_openvino_2022.1_8shave.blob
188,4.86375,0.475,2.31028125,yolo11n_seg_prune_0_5_openvino_2022.1_8shave.blob
189,4.64062,0.475,2.2042945,yolo11n_seg_prune_0_5_openvino_2022.1_8shave.blob
190,4.35437,0.475,2.06832575,yolo11n_seg_prune_0_5_openvino_2022.1_8shave.blob
191,4.02031,0.475,1.90964725,yolo11n_seg_prune_0_5_openvino_2022.1_8shave.blob
192,3.67031,0.475,1.74339725,yolo11n_seg_prune_0_5_openvino_2022.1_8shave.blob
193,3.31031,0.475,1.57239725,yolo11n_seg_prune_0_5_openvino_2022.1_8shave.blob
194,2.94031,0.475,1.39664725,yolo11n_seg_prune_0_5_openvino_2022.1_8shave.blob
195,5.06155,0.476,2.4092978,yolo11n_seg_prune_0_5_openvino_2022.1_8shave.blob
196,5.09706,0.245,1.24878,Idle
197,5.10137,0.229,1.16821373,Idle
198,5.10137,0.229,1.16821373,Idle
199,5.10137,0.229,1.16821373,Idle
200,5.10137,0.229,1.16821373,Idle
201,5.10137,0.229,1.16821373,Idle
202,5.10137,0.229,1.16821373,Idle
203,5.10137,0.229,1.16821373,Idle
204,5.10137,0.229,1.16821373,Idle
205,5.10137,0.229,1.16821373,Idle
206,5.10137,0.229,1.16821373,Idle
207,5.10137,0.229,1.16821373,Idle
208,5.10137,0.229,1.16821373,Idle
209,5.10137,0.229,1.16821373,Idle
210,5.10137,0.229,1.16821373,Idle
211,5.10137,0.229,1.16821373,Idle
212,5.10137,0.2315,1.180967155,Idle
213,5.07438,0.254,1.28889252,yolo11n_seg_prune_0_2_openvino_2022.1_8shave.blob
214,5.05063,0.315,1.59094845,yolo11n_seg_prune_0_2_openvino_2022.1_8shave.blob
215,5.02706,0.388,1.95049928,yolo11n_seg_prune_0_2_openvino_2022.1_8shave.blob
216,5.01188,0.457,2.29042916,yolo11n_seg_prune_0_2_openvino_2022.1_8shave.blob
217,5.00631,0.48275,2.416796156,yolo11n_seg_prune_0_2_openvino_2022.1_8shave.blob
218,5.00631,0.4826,2.41604526,yolo11n_seg_prune_0_2_openvino_2022.1_8shave.blob
219,5.00631,0.4826,2.41604526,yolo11n_seg_prune_0_2_openvino_2022.1_8shave.blob
220,5.00631,0.48257,2.41589508,yolo11n_seg_prune_0_2_openvino_2022.1_8shave.blob
221,5.00631,0.48255,2.41579496,yolo11n_seg_prune_0_2_openvino_2022.1_8shave.blob
222,5.00631,0.48255,2.41579496,yolo11n_seg_prune_0_2_openvino_2022.1_8shave.blob
223,5.00631,0.4825,2.41554466,yolo11n_seg_prune_0_2_openvino_2022.1_8shave.blob
224,5.00631,0.48253,2.41569484,yolo11n_seg_prune_0_2_openvino_2022.1_8shave.blob
225,5.00631,0.48253,2.41569484,yolo11n_seg_prune_0_2_openvino_2022.1_8shave.blob
226,5.00631,0.48255,2.41579496,yolo11n_seg_prune_0_2_openvino_2022.1_8shave.blob
227,5.00631,0.48257,2.41589508,yolo11n_seg_prune_0_2_openvino_2022.1_8shave.blob
228,5.00631,0.4826,2.41604526,yolo11n_seg_prune_0_2_openvino_2022.1_8shave.blob
229,5.00631,0.48263,2.41619544,yolo11n_seg_prune_0_2_openvino_2022.1_8shave.blob
230,5.00631,0.48263,2.41619544,yolo11n_seg_prune_0_2_openvino_2022.1_8shave.blob
231,5.00631,0.48265,2.41629556,yolo11n_seg_prune_0_2_openvino_2022.1_8shave.blob
232,5.00631,0.4827,2.41654586,yolo11n_seg_prune_0_2_openvino_2022.1_8shave.blob
233,5.00631,0.48273,2.41669604,yolo11n_seg_prune_0_2_openvino_2022.1_8shave.blob
234,5.00631,0.48275,2.41679616,yolo11n_seg_prune_0_2_openvino_2022.1_8shave.blob
235,5.00631,0.48278,2.41694634,yolo11n_seg_prune_0_2_openvino_2022.1_8shave.blob
236,5.00631,0.4828,2.41704646,yolo11n_seg_prune_0_2_openvino_2022.1_8shave.blob
237,5.00631,0.48283,2.41719664,yolo11n_seg_prune_0_2_openvino_2022.1_8shave.blob
238,5.00631,0.48283,2.41719664,yolo11n_seg_prune_0_2_openvino_2022.1_8shave.blob
239,5.00631,0.48285,2.41729676,yolo11n_seg_prune_0_2_openvino_2022.1_8shave.blob
240,5.00631,0.4829,2.41754706,yolo11n_seg_prune_0_2_openvino_2022.1_8shave.blob
241,5.00631,0.48293,2.41769724,yolo11n_seg_prune_0_2_openvino_2022.1_8shave.blob
242,5.00631,0.48295,2.41779736,yolo11n_seg_prune_0_2_openvino_2022.1_8shave.blob
243,5.00631,0.483,2.4180477,yolo11n_seg_prune_0_2_openvino_2022.1_8shave.blob
244,5.00631,0.483,2.4180477,yolo11n_seg_prune_0_2_openvino_2022.1_8shave.blob
245,5.05294,0.483,2.44057,yolo11n_seg_prune_0_2_openvino_2022.1_8shave.blob
246,5.03444,0.483,2.43163452,yolo11n_seg_prune_0_2_openvino_2022.1_8shave.blob
247,5.05031,0.483,2.43929973,yolo11n_seg_prune_0_2_openvino_2022.1_8shave.blob
248,5.07469,0.483,2.45107527,yolo11n_seg_prune_0_2_openvino_2022.1_8shave.blob
249,5.09344,0.483,2.46013152,yolo11n_seg_prune_0_2_openvino_2022.1_8shave.blob
250,5.07344,0.483,2.45047152,yolo11n_seg_prune_0_2_openvino_2022.1_8shave.blob
251,5.02594,0.483,2.42752902,yolo11n_seg_prune_0_2_openvino_2022.1_8shave.blob
252,4.95719,0.483,2.39432277,yolo11n_seg_prune_0_2_openvino_2022.1_8shave.blob
253,4.83969,0.483,2.33757027,yolo11n_seg_prune_0_2_openvino_2022.1_8shave.blob
254,4.58219,0.483,2.21319777,yolo11n_seg_prune_0_2_openvino_2022.1_8shave.blob
255,5,0.483,2.415,yolo11n_seg_prune_0_2_openvino_2022.1_8shave.blob
256,4.02594,0.483,1.94452902,yolo11n_seg_prune_0_2_openvino_2022.1_8shave.blob
257,3.67094,0.483,1.77306402,yolo11n_seg_prune_0_2_openvino_2022.1_8shave.blob
258,3.32594,0.483,1.60642902,yolo11n_seg_prune_0_2_openvino_2022.1_8shave.blob
259,5.09344,0.395,2.0119088,yolo11n_seg_prune_0_2_openvino_2022.1_8shave.blob
260,5.09506,0.312,1.58965872,yolo11n_seg_prune_0_2_openvino_2022.1_8shave.blob
261,5.09706,0.245,1.2487797,Idle
262,5.10137,0.229,1.16821373,Idle
263,5.10137,0.229,1.16821373,Idle
264,5.10137,0.229,1.16821373,Idle
265,5.10137,0.229,1.16821373,Idle
266,5.10137,0.229,1.16821373,Idle
267,5.10137,0.229,1.16821373,Idle
268,5.10137,0.229,1.16821373,Idle
269,5.10137,0.229,1.16821373,Idle
270,5.10137,0.229,1.16821373,Idle
271,5.10137,0.229,1.16821373,Idle
272,5.10137,0.229,1.16821373,Idle
273,5.10137,0.229,1.16821373,Idle
274,5.10137,0.229,1.16821373,Idle
275,5.10137,0.229,1.16821373,Idle
276,5.10137,0.229,1.16821373,Idle
277,5.10137,0.2312,1.179436744,Idle
278,5.07188,0.255,1.2933294,Idle
279,5.05063,0.318,1.60610034,yolo11n-seg_fp16_openvino_2022.1_8shave.blob
280,5.02706,0.395,1.9856887,yolo11n-seg_fp16_openvino_2022.1_8shave.blob
281,5.01181,0.462,2.31545622,yolo11n-seg_fp16_openvino_2022.1_8shave.blob
282,5.00631,0.4852,2.429061612,yolo11n-seg_fp16_openvino_2022.1_8shave.blob
283,5.00631,0.4851,2.428560981,yolo11n-seg_fp16_openvino_2022.1_8shave.blob
284,5.00631,0.4851,2.428560981,yolo11n-seg_fp16_openvino_2022.1_8shave.blob
285,5.00631,0.48508,2.428460855,yolo11n-seg_fp16_openvino_2022.1_8shave.blob
286,5.00631,0.48508,2.428460855,yolo11n-seg_fp16_openvino_2022.1_8shave.blob
287,5.00631,0.48505,2.428310666,yolo11n-seg_fp16_openvino_2022.1_8shave.blob
288,5.00631,0.48505,2.428310666,yolo11n-seg_fp16_openvino_2022.1_8shave.blob
289,5.00631,0.4851,2.428560981,yolo11n-seg_fp16_openvino_2022.1_8shave.blob
290,5.00631,0.4851,2.428560981,yolo11n-seg_fp16_openvino_2022.1_8shave.blob
291,5.00631,0.48513,2.42871117,yolo11n-seg_fp16_openvino_2022.1_8shave.blob
292,5.00631,0.48513,2.42871117,yolo11n-seg_fp16_openvino_2022.1_8shave.blob
293,5.00631,0.48515,2.428811296,yolo11n-seg_fp16_openvino_2022.1_8shave.blob
294,5.00631,0.48515,2.428811296,yolo11n-seg_fp16_openvino_2022.1_8shave.blob
295,5.00631,0.4852,2.429061612,yolo11n-seg_fp16_openvino_2022.1_8shave.blob
296,5.00631,0.4852,2.429061612,yolo11n-seg_fp16_openvino_2022.1_8shave.blob
297,5.00631,0.48523,2.4292118,yolo11n-seg_fp16_openvino_2022.1_8shave.blob
298,5.00631,0.48523,2.4292118,yolo11n-seg_fp16_openvino_2022.1_8shave.blob
299,5.00631,0.48525,2.429311926,yolo11n-seg_fp16_openvino_2022.1_8shave.blob
300,5.00631,0.48525,2.429311926,yolo11n-seg_fp16_openvino_2022.1_8shave.blob
301,5.00631,0.48528,2.429462116,yolo11n-seg_fp16_openvino_2022.1_8shave.blob
302,5.00631,0.4853,2.429562242,yolo11n-seg_fp16_openvino_2022.1_8shave.blob
303,5.00631,0.48533,2.429712431,yolo11n-seg_fp16_openvino_2022.1_8shave.blob
304,5.00631,0.48533,2.429712431,yolo11n-seg_fp16_openvino_2022.1_8shave.blob
305,5.00631,0.48535,2.429812557,yolo11n-seg_fp16_openvino_2022.1_8shave.blob
306,5.00631,0.48538,2.429962746,yolo11n-seg_fp16_openvino_2022.1_8shave.blob
307,5.00631,0.48512,2.428661102,yolo11n-seg_fp16_openvino_2022.1_8shave.blob
308,5.03431,0.48512,2.442244247,yolo11n-seg_fp16_openvino_2022.1_8shave.blob
309,5.02988,0.48512,2.440095386,yolo11n-seg_fp16_openvino_2022.1_8shave.blob
310,4.98188,0.48512,2.416810026,yolo11n-seg_fp16_openvino_2022.1_8shave.blob
311,4.91238,0.48512,2.3831,yolo11n-seg_fp16_openvino_2022.1_8shave.blob
312,4.68538,0.48512,2.27297,yolo11n-seg_fp16_openvino_2022.1_8shave.blob
313,4.40681,0.48512,2.13783,yolo11n-seg_fp16_openvino_2022.1_8shave.blob
314,4.10844,0.48512,1.99308,yolo11n-seg_fp16_openvino_2022.1_8shave.blob
315,3.74313,0.48512,1.81586,yolo11n-seg_fp16_openvino_2022.1_8shave.blob
316,3.34025,0.48512,1.62042,yolo11n-seg_fp16_openvino_2022.1_8shave.blob
317,5.00844,0.48528,2.430492,yolo11n-seg_fp16_openvino_2022.1_8shave.blob
318,5.09506,0.315,1.6049439,yolo11n-seg_fp16_openvino_2022.1_8shave.blob
319,5.09706,0.245,1.2487797,Idle
320,5.10137,0.229,1.16821373,Idle
321,5.10137,0.229,1.16821373,Idle
322,5.10137,0.229,1.16821373,Idle
323,5.10137,0.229,1.16821373,Idle
324,5.10137,0.229,1.16821373,Idle
325,5.10137,0.229,1.16821373,Idle
326,5.10137,0.229,1.16821373,Idle
327,5.10137,0.229,1.16821373,Idle
328,5.10137,0.229,1.16821373,Idle
329,5.10137,0.229,1.16821373,Idle
330,5.10137,0.229,1.16821373,Idle
331,5.10137,0.229,1.16821373,Idle
332,5.10137,0.229,1.16821373,Idle
333,5.10137,0.229,1.16821373,Idle
334,5.10137,0.229,1.16821373,Idle
335,5.10137,0.2315,1.180967155,Idle
336,5.07438,0.254,1.28889252,yolo11n_seg_prune_0_75_openvino_2022.1_8shave.blob
337,5.05063,0.315,1.59094845,yolo11n_seg_prune_0_75_openvino_2022.1_8shave.blob
338,5.02706,0.388,1.95049928,yolo11n_seg_prune_0_75_openvino_2022.1_8shave.blob
339,5.01188,0.457,2.29042916,yolo11n_seg_prune_0_75_openvino_2022.1_8shave.blob
340,5.00631,0.48275,2.416796156,yolo11n_seg_prune_0_75_openvino_2022.1_8shave.blob
341,5.00631,0.4826,2.41604526,yolo11n_seg_prune_0_75_openvino_2022.1_8shave.blob
342,5.00631,0.4826,2.41604526,yolo11n_seg_prune_0_75_openvino_2022.1_8shave.blob
343,5.00631,0.48257,2.41589508,yolo11n_seg_prune_0_75_openvino_2022.1_8shave.blob
344,5.00631,0.48255,2.41579496,yolo11n_seg_prune_0_75_openvino_2022.1_8shave.blob
345,5.00631,0.48255,2.41579496,yolo11n_seg_prune_0_75_openvino_2022.1_8shave.blob
346,5.00631,0.4825,2.41554466,yolo11n_seg_prune_0_75_openvino_2022.1_8shave.blob
347,5.00631,0.48253,2.41569484,yolo11n_seg_prune_0_75_openvino_2022.1_8shave.blob
348,5.00631,0.48253,2.41569484,yolo11n_seg_prune_0_75_openvino_2022.1_8shave.blob
349,5.00631,0.48255,2.41579496,yolo11n_seg_prune_0_75_openvino_2022.1_8shave.blob
350,5.00631,0.48257,2.41589508,yolo11n_seg_prune_0_75_openvino_2022.1_8shave.blob
351,5.00631,0.4826,2.41604526,yolo11n_seg_prune_0_75_openvino_2022.1_8shave.blob
352,5.00631,0.48263,2.41619544,yolo11n_seg_prune_0_75_openvino_2022.1_8shave.blob
353,5.00631,0.48263,2.41619544,yolo11n_seg_prune_0_75_openvino_2022.1_8shave.blob
354,5.00631,0.48265,2.41629556,yolo11n_seg_prune_0_75_openvino_2022.1_8shave.blob
355,5.00631,0.4827,2.41654586,yolo11n_seg_prune_0_75_openvino_2022.1_8shave.blob
356,5.00631,0.48273,2.41669604,yolo11n_seg_prune_0_75_openvino_2022.1_8shave.blob
357,5.00631,0.48275,2.41679616,yolo11n_seg_prune_0_75_openvino_2022.1_8shave.blob
358,5.00631,0.48278,2.41694634,yolo11n_seg_prune_0_75_openvino_2022.1_8shave.blob
359,5.00631,0.4828,2.41704646,yolo11n_seg_prune_0_75_openvino_2022.1_8shave.blob
360,5.00631,0.48283,2.41719664,yolo11n_seg_prune_0_75_openvino_2022.1_8shave.blob
361,4.96825,0.48263,2.39782,yolo11n_seg_prune_0_75_openvino_2022.1_8shave.blob
362,4.86375,0.48263,2.34739,yolo11n_seg_prune_0_75_openvino_2022.1_8shave.blob
371,5.09013,0.469,2.387271,yolo11n_seg_prune_0_75_openvino_2022.1_8shave.blob
372,5.10137,0.229,1.16821373,Idle
373,5.10137,0.229,1.16821373,Idle
374,5.10137,0.229,1.16821373,Idle
375,5.10137,0.229,1.16821373,Idle
376,5.10137,0.229,1.16821373,Idle
377,5.10137,0.229,1.16821373,Idle
378,5.10137,0.229,1.16821373,Idle
379,5.10137,0.229,1.16821373,Idle
380,5.10137,0.229,1.16821373,Idle
381,5.10137,0.229,1.16821373,Idle
382,5.10137,0.229,1.16821373,Idle
383,5.10137,0.229,1.16821373,Idle
384,5.10137,0.229,1.16821373,Idle
385,5.10137,0.229,1.16821373,Idle
386,5.10137,0.229,1.16821373,Idle
387,5.10137,0.2315,1.180967155,Idle
388,5.07438,0.254,1.28889252,Idle
389,5.05063,0.315,1.59094845,Idle
390,5.02706,0.388,1.95049928,Idle
391,5.01188,0.457,2.29042916,Idle
392,5.00631,0.48275,2.416796156,yolo11n_seg_prune_0_25_openvino_2022.1_8shave.blob
393,5.00631,0.4826,2.41604526,yolo11n_seg_prune_0_25_openvino_2022.1_8shave.blob
394,5.00631,0.4826,2.41604526,yolo11n_seg_prune_0_25_openvino_2022.1_8shave.blob
395,5.00631,0.48257,2.41589508,yolo11n_seg_prune_0_25_openvino_2022.1_8shave.blob
396,5.00631,0.48255,2.41579496,yolo11n_seg_prune_0_25_openvino_2022.1_8shave.blob
397,5.00631,0.48255,2.41579496,yolo11n_seg_prune_0_25_openvino_2022.1_8shave.blob
398,5.00631,0.4825,2.41554466,yolo11n_seg_prune_0_25_openvino_2022.1_8shave.blob
399,5.00631,0.48253,2.41569484,yolo11n_seg_prune_0_25_openvino_2022.1_8shave.blob
400,5.00631,0.48253,2.41569484,yolo11n_seg_prune_0_25_openvino_2022.1_8shave.blob
401,5.00631,0.48255,2.41579496,yolo11n_seg_prune_0_25_openvino_2022.1_8shave.blob
402,5.00631,0.48257,2.41589508,yolo11n_seg_prune_0_25_openvino_2022.1_8shave.blob
403,5.00631,0.4826,2.41604526,yolo11n_seg_prune_0_25_openvino_2022.1_8shave.blob
404,5.00631,0.48263,2.41619544,yolo11n_seg_prune_0_25_openvino_2022.1_8shave.blob
405,5.00631,0.48263,2.41619544,yolo11n_seg_prune_0_25_openvino_2022.1_8shave.blob
406,5.00631,0.48265,2.41629556,yolo11n_seg_prune_0_25_openvino_2022.1_8shave.blob
407,5.00631,0.4827,2.41654586,yolo11n_seg_prune_0_25_openvino_2022.1_8shave.blob
408,5.00631,0.48273,2.41669604,yolo11n_seg_prune_0_25_openvino_2022.1_8shave.blob
409,5.00631,0.48275,2.41679616,yolo11n_seg_prune_0_25_openvino_2022.1_8shave.blob
410,5.00631,0.48278,2.41694634,yolo11n_seg_prune_0_25_openvino_2022.1_8shave.blob
411,5.00631,0.4828,2.41704646,yolo11n_seg_prune_0_25_openvino_2022.1_8shave.blob
412,5.00631,0.48283,2.41719664,yolo11n_seg_prune_0_25_openvino_2022.1_8shave.blob
413,5.00631,0.48283,2.41719664,yolo11n_seg_prune_0_25_openvino_2022.1_8shave.blob
414,5.00631,0.48285,2.41729676,yolo11n_seg_prune_0_25_openvino_2022.1_8shave.blob
415,5.00631,0.4829,2.41754706,yolo11n_seg_prune_0_25_openvino_2022.1_8shave.blob
416,5.00631,0.48293,2.41769724,yolo11n_seg_prune_0_25_openvino_2022.1_8shave.blob
417,5.00631,0.48295,2.41779736,yolo11n_seg_prune_0_25_openvino_2022.1_8shave.blob
418,5.00631,0.483,2.4180477,yolo11n_seg_prune_0_25_openvino_2022.1_8shave.blob
419,5.00631,0.483,2.4180477,yolo11n_seg_prune_0_25_openvino_2022.1_8shave.blob
420,5.00631,0.48303,2.41819782,yolo11n_seg_prune_0_25_openvino_2022.1_8shave.blob
421,5.01137,0.4836,2.423526975,yolo11n_seg_prune_0_25_openvino_2022.1_8shave.blob
422,5.02875,0.4836,2.4319035,yolo11n_seg_prune_0_25_openvino_2022.1_8shave.blob
423,5.0195,0.4836,2.4274302,yolo11n_seg_prune_0_25_openvino_2022.1_8shave.blob
424,4.99612,0.4836,2.416123632,yolo11n_seg_prune_0_25_openvino_2022.1_8shave.blob
425,4.91238,0.4836,2.375626968,yolo11n_seg_prune_0_25_openvino_2022.1_8shave.blob
426,4.68538,0.4836,2.265849768,yolo11n_seg_prune_0_25_openvino_2022.1_8shave.blob
427,4.40681,0.4836,2.131133316,yolo11n_seg_prune_0_25_openvino_2022.1_8shave.blob
428,4.10844,0.4836,1.986841584,yolo11n_seg_prune_0_25_openvino_2022.1_8shave.blob
429,3.74313,0.4836,1.810177668,yolo11n_seg_prune_0_25_openvino_2022.1_8shave.blob
430,3.34025,0.4836,1.6153449,yolo11n_seg_prune_0_25_openvino_2022.1_8shave.blob
431,5.00029,0.4836,2.418139613,yolo11n_seg_prune_0_25_openvino_2022.1_8shave.blob
432,5.09506,0.315,1.6049439,Idle
433,5.09706,0.245,1.2487797,Idle
434,5.10137,0.229,1.16821373,Idle
435,5.10137,0.229,1.16821373,Idle
436,5.10137,0.229,1.16821373,Idle
437,5.10137,0.229,1.16821373,Idle
438,5.10137,0.229,1.16821373,Idle
439,5.10137,0.229,1.16821373,Idle
440,5.10137,0.229,1.16821373,Idle
441,5.10137,0.229,1.16821373,Idle
442,5.10137,0.229,1.16821373,Idle
443,5.10137,0.229,1.16821373,Idle
444,5.10137,0.229,1.16821373,Idle
445,5.10137,0.229,1.16821373,Idle
446,5.10137,0.229,1.16821373,Idle
447,5.10137,0.229,1.16821373,Idle
448,5.10137,0.2315,1.180967155,Idle
449,5.07438,0.254,1.28889252,Idle
450,5.05063,0.315,1.59094845,Idle
451,5.02706,0.388,1.95049928,Idle
452,5.01188,0.457,2.29042916,yolo11n_seg_prune_0_05_openvino_2022.1_8shave.blob
453,5.00631,0.48275,2.416796156,yolo11n_seg_prune_0_05_openvino_2022.1_8shave.blob
454,5.00631,0.4826,2.41604526,yolo11n_seg_prune_0_05_openvino_2022.1_8shave.blob
455,5.00631,0.4826,2.41604526,yolo11n_seg_prune_0_05_openvino_2022.1_8shave.blob
456,5.00631,0.48257,2.41589508,yolo11n_seg_prune_0_05_openvino_2022.1_8shave.blob
457,5.00631,0.48255,2.41579496,yolo11n_seg_prune_0_05_openvino_2022.1_8shave.blob
458,5.00631,0.48255,2.41579496,yolo11n_seg_prune_0_05_openvino_2022.1_8shave.blob
459,5.00631,0.4825,2.41554466,yolo11n_seg_prune_0_05_openvino_2022.1_8shave.blob
460,5.00631,0.48253,2.41569484,yolo11n_seg_prune_0_05_openvino_2022.1_8shave.blob
461,5.00631,0.48253,2.41569484,yolo11n_seg_prune_0_05_openvino_2022.1_8shave.blob
462,5.00631,0.48255,2.41579496,yolo11n_seg_prune_0_05_openvino_2022.1_8shave.blob
463,5.00631,0.48257,2.41589508,yolo11n_seg_prune_0_05_openvino_2022.1_8shave.blob
464,5.00631,0.4826,2.41604526,yolo11n_seg_prune_0_05_openvino_2022.1_8shave.blob
465,5.00631,0.48263,2.41619544,yolo11n_seg_prune_0_05_openvino_2022.1_8shave.blob
466,5.00631,0.48263,2.41619544,yolo11n_seg_prune_0_05_openvino_2022.1_8shave.blob
467,5.00631,0.48265,2.41629556,yolo11n_seg_prune_0_05_openvino_2022.1_8shave.blob
468,5.00631,0.4827,2.41654586,yolo11n_seg_prune_0_05_openvino_2022.1_8shave.blob
469,5.00631,0.48273,2.41669604,yolo11n_seg_prune_0_05_openvino_2022.1_8shave.blob
470,5.00631,0.48275,2.41679616,yolo11n_seg_prune_0_05_openvino_2022.1_8shave.blob
471,5.00631,0.48278,2.41694634,yolo11n_seg_prune_0_05_openvino_2022.1_8shave.blob
472,5.00631,0.4828,2.41704646,yolo11n_seg_prune_0_05_openvino_2022.1_8shave.blob
473,5.00631,0.48283,2.41719664,yolo11n_seg_prune_0_05_openvino_2022.1_8shave.blob
474,5.00631,0.48283,2.41719664,yolo11n_seg_prune_0_05_openvino_2022.1_8shave.blob
475,5.00631,0.48285,2.41729676,yolo11n_seg_prune_0_05_openvino_2022.1_8shave.blob
476,5.00631,0.4829,2.41754706,yolo11n_seg_prune_0_05_openvino_2022.1_8shave.blob
477,5.00631,0.48293,2.41769724,yolo11n_seg_prune_0_05_openvino_2022.1_8shave.blob
478,5.00631,0.48295,2.41779736,yolo11n_seg_prune_0_05_openvino_2022.1_8shave.blob
479,5.00631,0.483,2.4180477,yolo11n_seg_prune_0_05_openvino_2022.1_8shave.blob
480,5.00631,0.483,2.4180477,yolo11n_seg_prune_0_05_openvino_2022.1_8shave.blob
481,5.00631,0.48303,2.41819782,yolo11n_seg_prune_0_05_openvino_2022.1_8shave.blob
482,5.07688,0.483,2.45213,yolo11n_seg_prune_0_05_openvino_2022.1_8shave.blob
483,5.07588,0.48301,2.45171,yolo11n_seg_prune_0_05_openvino_2022.1_8shave.blob
484,5.071,0.48301,2.4493,yolo11n_seg_prune_0_05_openvino_2022.1_8shave.blob
485,5.0425,0.48301,2.4355,yolo11n_seg_prune_0_05_openvino_2022.1_8shave.blob
486,4.96625,0.48301,2.3987,yolo11n_seg_prune_0_05_openvino_2022.1_8shave.blob
487,4.86375,0.48301,2.3492,yolo11n_seg_prune_0_05_openvino_2022.1_8shave.blob
488,4.64062,0.48301,2.2415,yolo11n_seg_prune_0_05_openvino_2022.1_8shave.blob
489,4.35437,0.48301,2.1032,yolo11n_seg_prune_0_05_openvino_2022.1_8shave.blob
494,5.06155,0.48301,2.4448,yolo11n_seg_prune_0_05_openvino_2022.1_8shave.blob
496,5.10137,0.484,2.4691,yolo11n_seg_prune_0_05_openvino_2022.1_8shave.blob
497,5.10137,0.4842,2.4701,yolo11n_seg_prune_0_05_openvino_2022.1_8shave.blob
498,5.10137,0.48425,2.4703,yolo11n_seg_prune_0_05_openvino_2022.1_8shave.blob
499,5.10137,0.48428,2.4705,yolo11n_seg_prune_0_05_openvino_2022.1_8shave.blob
500,5.10137,0.4843,2.4706,yolo11n_seg_prune_0_05_openvino_2022.1_8shave.blob
501,5.10137,0.48435,2.4708,yolo11n_seg_prune_0_05_openvino_2022.1_8shave.blob
502,5.10137,0.4844,2.4711,yolo11n_seg_prune_0_05_openvino_2022.1_8shave.blob
503,5.10137,0.48443,2.4712,yolo11n_seg_prune_0_05_openvino_2022.1_8shave.blob
504,5.10137,0.48445,2.4713,yolo11n_seg_prune_0_05_openvino_2022.1_8shave.blob
505,5.10137,0.48448,2.4715,yolo11n_seg_prune_0_05_openvino_2022.1_8shave.blob
506,5.10137,0.4845,2.4716,yolo11n_seg_prune_0_05_openvino_2022.1_8shave.blob
507,5.10137,0.4845,2.4716,yolo11n_seg_prune_0_05_openvino_2022.1_8shave.blob
508,5.10137,0.48455,2.4718,yolo11n_seg_prune_0_05_openvino_2022.1_8shave.blob
509,5.10137,0.4846,2.4721,yolo11n_seg_prune_0_05_openvino_2022.1_8shave.blob
510,5.10137,0.4846,2.4721,yolo11n_seg_prune_0_05_openvino_2022.1_8shave.blob
511,5.10137,0.4846,2.4721,yolo11n_seg_prune_0_05_openvino_2022.1_8shave.blob
512,5.10137,0.4846,2.4721,yolo11n_seg_prune_0_05_openvino_2022.1_8shave.blob
513,5.10137,0.48465,2.4724,yolo11n_seg_prune_0_05_openvino_2022.1_8shave.blob
514,5.10137,0.48465,2.4724,yolo11n_seg_prune_0_05_openvino_2022.1_8shave.blob
515,5.10137,0.48465,2.4724,yolo11n_seg_prune_0_05_openvino_2022.1_8shave.blob
516,5.10137,0.4847,2.4726,yolo11n_seg_prune_0_05_openvino_2022.1_8shave.blob
517,5.10137,0.4847,2.4726,yolo11n_seg_prune_0_05_openvino_2022.1_8shave.blob
518,5.10137,0.4847,2.4726,yolo11n_seg_prune_0_05_openvino_2022.1_8shave.blob
519,5.10137,0.4847,2.4726,yolo11n_seg_prune_0_05_openvino_2022.1_8shave.blob
520,5.10137,0.4847,2.4726,yolo11n_seg_prune_0_05_openvino_2022.1_8shave.blob
521,5.10137,0.4847,2.4726,yolo11n_seg_prune_0_05_openvino_2022.1_8shave.blob
522,5.10137,0.48475,2.4729,yolo11n_seg_prune_0_05_openvino_2022.1_8shave.blob
523,5.10137,0.48475,2.4729,yolo11n_seg_prune_0_05_openvino_2022.1_8shave.blob
524,5.10137,0.48475,2.4729,yolo11n_seg_prune_0_05_openvino_2022.1_8shave.blob
525,5.10137,0.48475,2.4729,yolo11n_seg_prune_0_05_openvino_2022.1_8shave.blob
526,5.10137,0.48475,2.4729,yolo11n_seg_prune_0_05_openvino_2022.1_8shave.blob
527,5.10137,0.48475,2.4729,yolo11n_seg_prune_0_05_openvino_2022.1_8shave.blob
528,5.10137,0.48475,2.4729,yolo11n_seg_prune_0_05_openvino_2022.1_8shave.blob
529,5.10137,0.48475,2.4729,yolo11n_seg_prune_0_05_openvino_2022.1_8shave.blob
530,5.10137,0.229,1.1682,Idle
531,5.10137,0.229,1.1682,Idle
532,5.10137,0.229,1.1682,Idle
533,5.10137,0.229,1.1682,Idle
534,5.10137,0.229,1.1682,Idle
535,5.10137,0.229,1.1682,Idle
536,5.10137,0.229,1.1682,Idle
537,5.10137,0.229,1.1682,Idle
538,5.10137,0.229,1.1682,Idle
539,5.10137,0.229,1.1682,Idle
540,5.10137,0.229,1.1682,Idle